series_id,geo_level,geo_id,metric
UNRATE,national,US,unemployment_rate
FEDFUNDS,national,US,fed_funds_rate
DGS10,national,US,treasury_10y
T10Y2Y,national,US,yield_curve_10y_2y
MORTGAGE30US,national,US,mortgage_30y
CPIAUCSL,national,US,cpi
DRALACBS,national,US,delinquency_rate_all_loans
CORALACBS,national,US,chargeoff_rate_all_loans
ALUR,state,01,unemployment_rate
ALPOP,state,01,population_k
MEHOINUSALA646N,state,01,median_hh_income
ALPCPI,state,01,per_capita_income
ALSTHPI,state,01,house_price_index
ALNGSP,state,01,gdp_nominal_musd
AKUR,state,02,unemployment_rate
AKPOP,state,02,population_k
MEHOINUSAKA646N,state,02,median_hh_income
AKPCPI,state,02,per_capita_income
AKSTHPI,state,02,house_price_index
AKNGSP,state,02,gdp_nominal_musd
AZUR,state,04,unemployment_rate
AZPOP,state,04,population_k
MEHOINUSAZA646N,state,04,median_hh_income
AZPCPI,state,04,per_capita_income
AZSTHPI,state,04,house_price_index
AZNGSP,state,04,gdp_nominal_musd
ARUR,state,05,unemployment_rate
ARPOP,state,05,population_k
MEHOINUSARA646N,state,05,median_hh_income
ARPCPI,state,05,per_capita_income
ARSTHPI,state,05,house_price_index
ARNGSP,state,05,gdp_nominal_musd
CAUR,state,06,unemployment_rate
CAPOP,state,06,population_k
MEHOINUSCAA646N,state,06,median_hh_income
CAPCPI,state,06,per_capita_income
CASTHPI,state,06,house_price_index
CANGSP,state,06,gdp_nominal_musd
COUR,state,08,unemployment_rate
COPOP,state,08,population_k
MEHOINUSCOA646N,state,08,median_hh_income
COPCPI,state,08,per_capita_income
COSTHPI,state,08,house_price_index
CONGSP,state,08,gdp_nominal_musd
CTUR,state,09,unemployment_rate
CTPOP,state,09,population_k
MEHOINUSCTA646N,state,09,median_hh_income
CTPCPI,state,09,per_capita_income
CTSTHPI,state,09,house_price_index
CTNGSP,state,09,gdp_nominal_musd
DEUR,state,10,unemployment_rate
DEPOP,state,10,population_k
MEHOINUSDEA646N,state,10,median_hh_income
DEPCPI,state,10,per_capita_income
DESTHPI,state,10,house_price_index
DENGSP,state,10,gdp_nominal_musd
DCUR,state,11,unemployment_rate
DCPOP,state,11,population_k
MEHOINUSDCA646N,state,11,median_hh_income
DCPCPI,state,11,per_capita_income
DCSTHPI,state,11,house_price_index
DCNGSP,state,11,gdp_nominal_musd
FLUR,state,12,unemployment_rate
FLPOP,state,12,population_k
MEHOINUSFLA646N,state,12,median_hh_income
FLPCPI,state,12,per_capita_income
FLSTHPI,state,12,house_price_index
FLNGSP,state,12,gdp_nominal_musd
GAUR,state,13,unemployment_rate
GAPOP,state,13,population_k
MEHOINUSGAA646N,state,13,median_hh_income
GAPCPI,state,13,per_capita_income
GASTHPI,state,13,house_price_index
GANGSP,state,13,gdp_nominal_musd
HIUR,state,15,unemployment_rate
HIPOP,state,15,population_k
MEHOINUSHIA646N,state,15,median_hh_income
HIPCPI,state,15,per_capita_income
HISTHPI,state,15,house_price_index
HINGSP,state,15,gdp_nominal_musd
IDUR,state,16,unemployment_rate
IDPOP,state,16,population_k
MEHOINUSIDA646N,state,16,median_hh_income
IDPCPI,state,16,per_capita_income
IDSTHPI,state,16,house_price_index
IDNGSP,state,16,gdp_nominal_musd
ILUR,state,17,unemployment_rate
ILPOP,state,17,population_k
MEHOINUSILA646N,state,17,median_hh_income
ILPCPI,state,17,per_capita_income
ILSTHPI,state,17,house_price_index
ILNGSP,state,17,gdp_nominal_musd
INUR,state,18,unemployment_rate
INPOP,state,18,population_k
MEHOINUSINA646N,state,18,median_hh_income
INPCPI,state,18,per_capita_income
INSTHPI,state,18,house_price_index
INNGSP,state,18,gdp_nominal_musd
IAUR,state,19,unemployment_rate
IAPOP,state,19,population_k
MEHOINUSIAA646N,state,19,median_hh_income
IAPCPI,state,19,per_capita_income
IASTHPI,state,19,house_price_index
IANGSP,state,19,gdp_nominal_musd
KSUR,state,20,unemployment_rate
KSPOP,state,20,population_k
MEHOINUSKSA646N,state,20,median_hh_income
KSPCPI,state,20,per_capita_income
KSSTHPI,state,20,house_price_index
KSNGSP,state,20,gdp_nominal_musd
KYUR,state,21,unemployment_rate
KYPOP,state,21,population_k
MEHOINUSKYA646N,state,21,median_hh_income
KYPCPI,state,21,per_capita_income
KYSTHPI,state,21,house_price_index
KYNGSP,state,21,gdp_nominal_musd
LAUR,state,22,unemployment_rate
LAPOP,state,22,population_k
MEHOINUSLAA646N,state,22,median_hh_income
LAPCPI,state,22,per_capita_income
LASTHPI,state,22,house_price_index
LANGSP,state,22,gdp_nominal_musd
MEUR,state,23,unemployment_rate
MEPOP,state,23,population_k
MEHOINUSMEA646N,state,23,median_hh_income
MEPCPI,state,23,per_capita_income
MESTHPI,state,23,house_price_index
MENGSP,state,23,gdp_nominal_musd
MDUR,state,24,unemployment_rate
MDPOP,state,24,population_k
MEHOINUSMDA646N,state,24,median_hh_income
MDPCPI,state,24,per_capita_income
MDSTHPI,state,24,house_price_index
MDNGSP,state,24,gdp_nominal_musd
MAUR,state,25,unemployment_rate
MAPOP,state,25,population_k
MEHOINUSMAA646N,state,25,median_hh_income
MAPCPI,state,25,per_capita_income
MASTHPI,state,25,house_price_index
MANGSP,state,25,gdp_nominal_musd
MIUR,state,26,unemployment_rate
MIPOP,state,26,population_k
MEHOINUSMIA646N,state,26,median_hh_income
MIPCPI,state,26,per_capita_income
MISTHPI,state,26,house_price_index
MINGSP,state,26,gdp_nominal_musd
MNUR,state,27,unemployment_rate
MNPOP,state,27,population_k
MEHOINUSMNA646N,state,27,median_hh_income
MNPCPI,state,27,per_capita_income
MNSTHPI,state,27,house_price_index
MNNGSP,state,27,gdp_nominal_musd
MSUR,state,28,unemployment_rate
MSPOP,state,28,population_k
MEHOINUSMSA646N,state,28,median_hh_income
MSPCPI,state,28,per_capita_income
MSSTHPI,state,28,house_price_index
MSNGSP,state,28,gdp_nominal_musd
MOUR,state,29,unemployment_rate
MOPOP,state,29,population_k
MEHOINUSMOA646N,state,29,median_hh_income
MOPCPI,state,29,per_capita_income
MOSTHPI,state,29,house_price_index
MONGSP,state,29,gdp_nominal_musd
MTUR,state,30,unemployment_rate
MTPOP,state,30,population_k
MEHOINUSMTA646N,state,30,median_hh_income
MTPCPI,state,30,per_capita_income
MTSTHPI,state,30,house_price_index
MTNGSP,state,30,gdp_nominal_musd
NEUR,state,31,unemployment_rate
NEPOP,state,31,population_k
MEHOINUSNEA646N,state,31,median_hh_income
NEPCPI,state,31,per_capita_income
NESTHPI,state,31,house_price_index
NENGSP,state,31,gdp_nominal_musd
NVUR,state,32,unemployment_rate
NVPOP,state,32,population_k
MEHOINUSNVA646N,state,32,median_hh_income
NVPCPI,state,32,per_capita_income
NVSTHPI,state,32,house_price_index
NVNGSP,state,32,gdp_nominal_musd
NHUR,state,33,unemployment_rate
NHPOP,state,33,population_k
MEHOINUSNHA646N,state,33,median_hh_income
NHPCPI,state,33,per_capita_income
NHSTHPI,state,33,house_price_index
NHNGSP,state,33,gdp_nominal_musd
NJUR,state,34,unemployment_rate
NJPOP,state,34,population_k
MEHOINUSNJA646N,state,34,median_hh_income
NJPCPI,state,34,per_capita_income
NJSTHPI,state,34,house_price_index
NJNGSP,state,34,gdp_nominal_musd
NMUR,state,35,unemployment_rate
NMPOP,state,35,population_k
MEHOINUSNMA646N,state,35,median_hh_income
NMPCPI,state,35,per_capita_income
NMSTHPI,state,35,house_price_index
NMNGSP,state,35,gdp_nominal_musd
NYUR,state,36,unemployment_rate
NYPOP,state,36,population_k
MEHOINUSNYA646N,state,36,median_hh_income
NYPCPI,state,36,per_capita_income
NYSTHPI,state,36,house_price_index
NYNGSP,state,36,gdp_nominal_musd
NCUR,state,37,unemployment_rate
NCPOP,state,37,population_k
MEHOINUSNCA646N,state,37,median_hh_income
NCPCPI,state,37,per_capita_income
NCSTHPI,state,37,house_price_index
NCNGSP,state,37,gdp_nominal_musd
NDUR,state,38,unemployment_rate
NDPOP,state,38,population_k
MEHOINUSNDA646N,state,38,median_hh_income
NDPCPI,state,38,per_capita_income
NDSTHPI,state,38,house_price_index
NDNGSP,state,38,gdp_nominal_musd
OHUR,state,39,unemployment_rate
OHPOP,state,39,population_k
MEHOINUSOHA646N,state,39,median_hh_income
OHPCPI,state,39,per_capita_income
OHSTHPI,state,39,house_price_index
OHNGSP,state,39,gdp_nominal_musd
OKUR,state,40,unemployment_rate
OKPOP,state,40,population_k
MEHOINUSOKA646N,state,40,median_hh_income
OKPCPI,state,40,per_capita_income
OKSTHPI,state,40,house_price_index
OKNGSP,state,40,gdp_nominal_musd
ORUR,state,41,unemployment_rate
ORPOP,state,41,population_k
MEHOINUSORA646N,state,41,median_hh_income
ORPCPI,state,41,per_capita_income
ORSTHPI,state,41,house_price_index
ORNGSP,state,41,gdp_nominal_musd
PAUR,state,42,unemployment_rate
PAPOP,state,42,population_k
MEHOINUSPAA646N,state,42,median_hh_income
PAPCPI,state,42,per_capita_income
PASTHPI,state,42,house_price_index
PANGSP,state,42,gdp_nominal_musd
RIUR,state,44,unemployment_rate
RIPOP,state,44,population_k
MEHOINUSRIA646N,state,44,median_hh_income
RIPCPI,state,44,per_capita_income
RISTHPI,state,44,house_price_index
RINGSP,state,44,gdp_nominal_musd
SCUR,state,45,unemployment_rate
SCPOP,state,45,population_k
MEHOINUSSCA646N,state,45,median_hh_income
SCPCPI,state,45,per_capita_income
SCSTHPI,state,45,house_price_index
SCNGSP,state,45,gdp_nominal_musd
SDUR,state,46,unemployment_rate
SDPOP,state,46,population_k
MEHOINUSSDA646N,state,46,median_hh_income
SDPCPI,state,46,per_capita_income
SDSTHPI,state,46,house_price_index
SDNGSP,state,46,gdp_nominal_musd
TNUR,state,47,unemployment_rate
TNPOP,state,47,population_k
MEHOINUSTNA646N,state,47,median_hh_income
TNPCPI,state,47,per_capita_income
TNSTHPI,state,47,house_price_index
TNNGSP,state,47,gdp_nominal_musd
TXUR,state,48,unemployment_rate
TXPOP,state,48,population_k
MEHOINUSTXA646N,state,48,median_hh_income
TXPCPI,state,48,per_capita_income
TXSTHPI,state,48,house_price_index
TXNGSP,state,48,gdp_nominal_musd
UTUR,state,49,unemployment_rate
UTPOP,state,49,population_k
MEHOINUSUTA646N,state,49,median_hh_income
UTPCPI,state,49,per_capita_income
UTSTHPI,state,49,house_price_index
UTNGSP,state,49,gdp_nominal_musd
VTUR,state,50,unemployment_rate
VTPOP,state,50,population_k
MEHOINUSVTA646N,state,50,median_hh_income
VTPCPI,state,50,per_capita_income
VTSTHPI,state,50,house_price_index
VTNGSP,state,50,gdp_nominal_musd
VAUR,state,51,unemployment_rate
VAPOP,state,51,population_k
MEHOINUSVAA646N,state,51,median_hh_income
VAPCPI,state,51,per_capita_income
VASTHPI,state,51,house_price_index
VANGSP,state,51,gdp_nominal_musd
WAUR,state,53,unemployment_rate
WAPOP,state,53,population_k
MEHOINUSWAA646N,state,53,median_hh_income
WAPCPI,state,53,per_capita_income
WASTHPI,state,53,house_price_index
WANGSP,state,53,gdp_nominal_musd
WVUR,state,54,unemployment_rate
WVPOP,state,54,population_k
MEHOINUSWVA646N,state,54,median_hh_income
WVPCPI,state,54,per_capita_income
WVSTHPI,state,54,house_price_index
WVNGSP,state,54,gdp_nominal_musd
WIUR,state,55,unemployment_rate
WIPOP,state,55,population_k
MEHOINUSWIA646N,state,55,median_hh_income
WIPCPI,state,55,per_capita_income
WISTHPI,state,55,house_price_index
WINGSP,state,55,gdp_nominal_musd
WYUR,state,56,unemployment_rate
WYPOP,state,56,population_k
MEHOINUSWYA646N,state,56,median_hh_income
WYPCPI,state,56,per_capita_income
WYSTHPI,state,56,house_price_index
WYNGSP,state,56,gdp_nominal_musd
